{
    "A": {
        "A": 0.2727272727272727,
        "C": 0.18181818181818182,
        "G": 0.09090909090909091,
        "T": 0.45454545454545453
    },
    "C": {
        "A": 0.16666666666666666,
        "C": 0.25,
        "G": 0.3333333333333333,
        "T": 0.25
    },
    "G": {
        "A": 0.35714285714285715,
        "C": 0.21428571428571427,
        "G": 0.2857142857142857,
        "T": 0.14285714285714285
    },
    "T": {
        "A": 0.08333333333333333,
        "C": 0.3333333333333333,
        "G": 0.4166666666666667,
        "T": 0.16666666666666666
    }
}